group,"fullname","country","sortname","location","title",bio
T,"Travis Terry","Bhutan","Terry","New York","Editor","Aliquam sit laudantium. Neque odio non voluptatibus sint non ipsa. Quibusdam atque eveniet."
K,"Oswaldo Koepp","Monaco","Koepp","San Fransico",,"Sed dolores voluptas dolorum est corrupti. Deserunt excepturi qui voluptatem voluptatum et. Et itaque ullam ipsa. Expedita eveniet ea repudiandae. Dicta voluptas voluptas."
H,"Ricky Hintz","Germany","Hintz","Stugard","Expanded global focus group","Enim sunt repellendus qui. Voluptatem atque nemo eveniet qui. Ipsa aut quia autem sit facilis sequi aliquid. Sunt voluptatum occaecati velit sed accusantium quae dolorum accusamus commodi. Minus non maiores culpa fugit temporibus aut."
B,"Noemy Bergnaum","Lao","Bergnaum","New York","Master of the Universe","Et ratione cumque et. Sit qui sed et voluptatem est enim."
J,"Patricia Johnson","Antarctica","Johnson","New York","Editor","Tempora ut possimus soluta ullam voluptatibus. Nihil rerum praesentium ut rerum. Nisi corporis maxime. Tempora enim quidem. Illo assumenda qui accusantium dolorem non atque in distinctio odio."
K,"Loyce Kris","FrenchPolynesia","Kris","San Fransico",,"Perferendis ipsam voluptatem exercitationem voluptatem est omnis. Sunt consequatur consequatur accusantium et velit rerum. Qui accusantium impedit repellendus quasi. Quasi qui ullam sit nihil facere deleniti non. Quod ut ipsam suscipit voluptatem est architecto et ullam. Temporibus qui soluta dignissimos voluptas saepe qui rerum labore."
B,"Terry Beatty","Germany","Beatty","Stugard","Expanded global focus group","Sequi quisquam consequatur sit sit. Laborum nihil ut neque dolores asperiores porro nesciunt quo vitae. Id nihil est et. Quibusdam autem voluptatem qui facere sunt dolores. Explicabo et et laudantium possimus qui cupiditate sed quaerat."
H,"Leilani Hauck","Ethiopia","Hauck","New York","Master of the Universe","Aut itaque dicta eos ad non aut et. Qui at praesentium necessitatibus earum quidem non architecto aut."
K,"Lucas Kuhic","Mayotte","Kuhic","New York","Editor","Excepturi incidunt quia rerum esse blanditiis et. Quas quo corporis expedita amet enim dolorum quam esse. Tenetur eaque aut dolores aliquid veritatis. Ducimus rerum omnis exercitationem. Officia qui dicta dolorum."
H,"Manley Hilpert","ElSalvador","Hilpert","San Fransico",,"Ut occaecati sed est magni eaque sit ex dolorum maiores. A qui voluptatem odit. Enim vel magni nihil dignissimos distinctio."
D,"Vera Doyle","Germany","Doyle","Stugard","Expanded global focus group","Beatae dolorum ut molestiae quia harum et eveniet ut. Nemo ratione quaerat veniam omnis placeat minus praesentium quas. Sed laudantium libero quod aliquid deleniti molestiae et. Qui possimus quaerat sint corrupti aut repellendus aut ex voluptatem. Cupiditate consectetur neque similique."
F,"Carter Feest","Moldova","Feest","New York","Master of the Universe","Doloremque necessitatibus voluptates nobis quos est mollitia autem incidunt corporis. Adipisci minus illum consequatur incidunt qui voluptatem et. Et et temporibus cumque sapiente optio. Qui et necessitatibus rem et deleniti ex dolorem."
G,"Theresa Grimes","Guatemala","Grimes","New York","Editor","Voluptates totam reprehenderit illo delectus natus ratione incidunt sequi. Aut qui in unde. Quaerat saepe velit praesentium aut vel aspernatur."
J,"Herman Jacobson","Micronesia","Jacobson","San Fransico",,"Laboriosam aut sapiente in vitae. Delectus occaecati omnis dolores ratione rerum magni hic."
H,"Bobbie Hagenes","Germany","Hagenes","Stugard","Expanded global focus group","Ea nihil dolorum sequi et dolorem. Nulla nesciunt laudantium architecto ut dignissimos illo asperiores sunt facere."
C,"Jayde Cassin","Iraq","Cassin","New York","Master of the Universe","Aut itaque libero. Aut tempore corrupti omnis veniam. Doloremque debitis voluptatum sit ut non eos possimus. Pariatur rem corporis expedita et ipsa et. Corporis sunt aut ex in quas sapiente."
Y,"Alberta Yundt","Puerto RicoYundt Yundt","New York","Editor",,"Facilis et repellendus vero aperiam sed est. Accusantium reiciendis quidem omnis deleniti rem. Dolores nihil quod at facere omnis non eos."
N,"Albina Nicolas","Tuvalu","Nicolas","San Fransico",,"Et et explicabo eaque nihil doloremque tempora et. Cumque voluptatum enim quisquam voluptas. Dolorum rem est."
S,"Leona Schmeler","Germany","Schmeler","Stugard","Expanded global focus group","Vel iure hic beatae et eum molestiae laboriosam. Culpa nesciunt qui excepturi eveniet."
S,"Charles Schaefer","Austria","Schaefer","New York","Master of the Universe","Sed quam et quibusdam. Nemo rerum natus et molestias quis quia repellendus. Voluptatum animi aliquid nemo molestiae fugiat velit molestiae sit. Blanditiis pariatur et sed temporibus laudantium quas. Unde aut est."
K,"Bobby Kutch","Pitcairn Islands","Kutch","Lake Geoville","Multi-tiered exuding contingency","Suscipit quasi error ut et eos. Asperiores qui et et enim quisquam laudantium. Rerum rerum culpa eos debitis aut ut quia. Nihil maxime optio illo quia quibusdam quo quisquam eum."
M,"Jack Murray","Austria","Murray","North Chance","Programmable intermediate superstructure","Pariatur ut aperiam est iste quasi distinctio. Quis ipsam delectus dolore sint. Ut rerum delectus. Ut dolor consequuntur asperiores est sint et ut. Dolorum laboriosam maxime amet."
H,"Rickey Haag","American Samoa","Haag","Labadiemouth","Extended disintermediate knowledge base","Quo quae quibusdam sed autem. Quam odit aut qui qui consectetur sit. Eius voluptas voluptates reprehenderit."
N,"Lula Nolan","Slovenia","Nolan","New Amani","Ameliorated 24/7 leverage","Sit ipsam a nihil. Fuga voluptas ut eveniet nostrum quo culpa qui. Beatae aut eveniet soluta quod quos et veritatis reiciendis odit."
B,"Gabriel Beer","Cook Islands","Beer","Hattiesburg","Synergistic motivating capacity","Eos autem sint voluptatem consectetur cumque odio hic fugiat. Consequatur in quis aut reprehenderit officiis nisi voluptatem temporibus dignissimos. Accusamus quod veniam nisi est explicabo eaque facere eaque harum."
S,"Darryl Skiles","Bosnia and Herzegovina","Skiles","Harberfurt","Adaptive intangible forecast","Ducimus expedita tempora libero quam veniam quia. Deserunt vel laudantium dolor porro sit nobis aut autem voluptas."
S,"Margaret Schmitt DVM","Azerbaijan","Schmitt","New Izaiahberg","Operative static framework","Assumenda ea quidem ipsam est illum voluptatem. Tempora in in doloremque in fuga nihil exercitationem eaque nulla. Quae voluptatem eum."
B,"Darryl Bosco","Tajikistan","Bosco","Leopoldochester","Assimilated bifurcated attitude","Qui ea suscipit quia ipsum. Sit veniam ea aut laborum culpa. Atque velit sed doloremque nobis in et et eligendi et. Dolor corporis aliquam repellat natus rerum minus."
K,"Ruby Kling","Panama","Kling","East Selina","Customer-focused multi-state ability","Porro soluta dolor. Ut omnis ex. Ullam perferendis a cum est dignissimos sit pariatur aspernatur velit. Commodi facilis sunt recusandae eveniet laborum maxime optio."
M,"Ismael McCullough","Denmark","McCullough","North Leilatown","Synergized incremental matrices","Incidunt vel in porro quisquam sapiente dolor inventore cum. Facere quaerat sequi cupiditate. Eos est possimus natus qui in perferendis unde. Voluptatem similique quis corporis sint. Dicta vel dolorem voluptatem est officia non ipsa cupiditate."
S,"Cedric Stiedemann","Brunei Darussalam","Stiedemann","Houston","Grass-roots system-worthy open architecture","Enim autem velit in voluptas culpa iure magnam. Voluptas saepe nostrum repudiandae iure aperiam occaecati. Alias et nihil sit et. Sunt mollitia distinctio accusamus placeat. Vitae non harum dolorem impedit. Sed itaque nam."
T,"Ian Tromp","Syrian Arab Republic","Tromp","Cesarhaven","Devolved needs-based attitude","Sint ipsum ducimus repellendus nihil vel ad. Doloremque consequatur voluptas quaerat enim id et eum."
B,"Bethany Buckridge","Qatar","Buckridge","New Francisca","Realigned heuristic firmware","Assumenda accusamus quia odio sed perferendis. Et beatae itaque tenetur alias mollitia laudantium dolores consequatur. Iste quia tempore accusamus occaecati laboriosam id impedit voluptate dolores. Eos sed quis ullam impedit aliquam quam placeat. Impedit et deleniti. Enim eos est illo impedit tenetur officia similique."
M,"Mattie Morissette","Falkland Islands (Malvinas)","Morissette","Willisborough","Pre-emptive context-sensitive alliance","Quisquam fuga sunt. Earum accusantium molestiae. Nesciunt qui eos ut. Voluptates explicabo adipisci pariatur provident ipsa possimus voluptatibus qui. Minima temporibus magni culpa repellat odit saepe ut vel."
J,"Jacob Jast V","Cyprus","Jast","Thousand Oaks","Secured tertiary customer loyalty","Omnis saepe excepturi aut repellat nesciunt possimus rerum illo. Et quas iste atque dolorem. Et hic voluptas laudantium. Temporibus doloremque voluptatem fugiat reprehenderit mollitia. Voluptatum quaerat pariatur eum similique beatae dolores suscipit."
P,"Daisy Pagac V","Guinea-Bissau","Pagac","Emilechester","Focused optimizing architecture","Dolor et at quas non. Molestiae quo amet suscipit qui natus velit. Dolore id sit aliquam nisi aliquam modi."
Y,"Dewey Yundt PhD","United States Minor Outlying Islands","Yundt","South Ansleyport","Customizable asynchronous benchmark","Dicta dolores dolor nihil et inventore est voluptates ducimus. Aliquid aut natus."
K,"Madeline Kerluke PhD","Slovenia","Kerluke","New Amanda","Profit-focused solution-oriented budgetary management","Et labore iusto odio nobis sit ex rerum labore ut. Velit quis inventore repellat neque sequi iste vel. Accusamus maiores voluptatibus perspiciatis. Veniam unde quos. Eius culpa sit molestiae pariatur earum et omnis."
T,"Christy Thiel","Falkland Islands (Malvinas)","Thiel","East Nicholas","Implemented discrete website","Excepturi qui et beatae iusto. Qui aperiam officia est enim incidunt. Blanditiis aperiam voluptate harum explicabo praesentium atque. Sint rem dolore reiciendis. Laborum dolorem et eos eum et quod est odit. Odio sint voluptatem doloribus."
M,"Colleen Murphy","Japan","Murphy","Garlandberg","Fully-configurable client-driven neural-net","Nisi quod culpa et. Quae nesciunt commodi eligendi et et ea tempore."
K,"Geneva Keeling","Portugal","Keeling","Quincyside","Up-sized incremental encoding","Eum et possimus. Aliquam tenetur ut occaecati voluptatem minima beatae autem consequuntur molestias."